,pop_size,cross_prob,mut_prob,max_genome_len,max_wraps,tournament,generation,phenotype,genotype,fitness,function,dir
0,500,0.9,0.1,500,1,5,1000,"-2.8E-1*KG(x[:,0], 9.3E-2,3.4E-2,None)+9.9E-2*KS(x[:,0], 7.2E+0,8.3E-9,None)+6.8E-1*KG(x[:,0], 2.0E-0,6.1E-1,None)","[997, 117, 847, 518, 455, 591, 323, 283, 753, 992, 794, 254, 733, 522, 528, 989, 958, 89, 869, 651, 142, 375, 122, 410, 310, 115, 923, 905, 469, 654, 744, 756, 923, 568, 347, 671, 964, 170, 891, 10, 338, 501, 179, 71, 968, 971, 894, 479, 224, 50, 251, 90, 819, 499, 322, 627, 692, 188, 656, 517, 949, 197, 205, 542, 349, 33, 981, 987, 84, 911, 363, 871, 796, 359, 990, 826, 143, 651, 15, 460, 422, 417, 316, 43, 643, 89, 821, 574, 615, 439, 822, 111, 288, 816, 786, 816, 842, 834, 478, 672, 874, 304, 507, 671, 127, 432, 702, 518, 445, 628, 416, 30]",0.0156177,f4,results/mo_f4\DESKTOP-VN32QPK_23_8_23_204037_490_5304_490
1,500,0.9,0.1,500,1,5,1000,"-7.4E-2*KG(x[:,0], 1.1E-1,9.9E-1,None)+5.9E-1*KG(x[:,0], 3.0E+0,6.5E-1,None)+1.3E-3*KP(x[:,0], 6.9E-1,1.3E-9,4)","[163, 271, 879, 154, 159, 652, 729, 641, 495, 571, 152, 149, 563, 711, 211, 691, 106, 949, 69, 591, 91, 677, 960, 720, 940, 473, 545, 915, 421, 738, 998, 782, 45, 643, 991, 783, 842, 389, 289, 721, 801, 973, 613, 699, 799, 905, 358, 992, 971, 81, 26, 679, 405, 863, 658, 151, 132, 792, 58, 427, 77, 982, 77, 558, 217, 38, 495, 767, 103, 104, 151, 318, 44, 322, 67, 95, 986, 950, 755, 697, 416, 661, 867, 413, 192, 493, 323, 787, 298, 440, 328, 972, 83, 100, 784, 694, 173, 656, 738, 202, 657, 694, 647, 600, 952, 760, 741, 397, 373, 847, 968, 910]",0.027776,f4,results/mo_f4\DESKTOP-VN32QPK_23_8_23_204120_937008_15776_937008
